0,0,0
0.5,1.48105179460435e-18,2.53938492480096e-19
1,-1.41945987963423e-17,-7.00488187131225e-18
1.5,-4.35169656137978e-18,-6.89803777493621e-18
2,1.34449000606059e-17,1.61927070530764e-18
2.5,-9.62933202741907e-18,-2.75564965494879e-18
3,-3.65083412870651e-17,-1.78068735704605e-17
3.5,8.29489466433818e-18,-7.14028416052197e-18
4,3.20089474235296e-17,9.09383470926992e-18
4.5,7.07407980823797e-17,4.95775700579024e-17
5,3.04497302937164e-17,5.01344787503681e-17
5,3.04497302937164e-17,5.01344787503681e-17
5.00026317002695,2.63162664305039e-07,-1.12599983645892e-11
5.00052634005391,5.26316734931724e-07,-3.44194249602375e-11
5.00078951008086,7.89461941105134e-07,-6.84536714440128e-11
5.0016953732443,1.6951759488169e-06,-2.40977425286178e-10
5.00260123640775,2.60078312171603e-06,-4.76405285967164e-10
5.00350709957119,3.50627789321866e-06,-7.26176839152692e-10
5.00441296273463,4.41165582966712e-06,-9.37434085118548e-10
5.00672309733997,6.71998920416962e-06,-8.08841347489881e-10
5.00903323194532,9.02747445834933e-06,8.31494615984634e-10
5.01134336655066,1.13340513135476e-05,4.85155090440903e-09
5.01365350115601,1.36396578426941e-05,1.21394681852578e-08
5.01894955605437,1.89212374242402e-05,4.73425893879739e-08
5.02424561095274,2.41966380976977e-05,1.1503347799653e-07
5.02824753478938,2.81784618781929e-05,1.93267861878268e-07
5.03224945862602,3.21560246292917e-05,3.00289749023967e-07
5.03625138246266,3.61290069349949e-05,4.40481720740215e-07
5.0402533062993,4.00970943988287e-05,6.18103836479628e-07
5.04574881292511,4.55376235512611e-05,9.30172967276733e-07
5.05124431955092,5.09675570435461e-05,1.33091549835013e-06
5.05673982617674,5.63860779504293e-05,1.83086516635681e-06
5.06223533280255,6.17923874063576e-05,2.44005832712725e-06
5.06773083942836,6.71857061073403e-05,3.16800793968349e-06
5.07580487536378,7.50844381790122e-05,4.47186038605408e-06
5.08387891129921,8.29510976003642e-05,6.0785175032423e-06
5.09195294723463,9.07833625437065e-05,8.01275366517989e-06
5.10002698317006,9.8578975088919e-05,1.02970076021857e-05
5.10810101910548,0.000106335749216522,1.29512184705862e-05
5.1161750550409,0.000114051575666208,1.59927055159255e-05
5.12830050895247,0.000125557724341953,2.13191993793127e-05
5.14042596286404,0.000136960439891196,2.75891723553001e-05
5.15255141677561,0.000148253638393331,3.48258321170707e-05
5.16467687068718,0.000159431687259653,4.30377268691876e-05
5.17680232459874,0.00017048941236877,5.22187699598252e-05
5.18892777851031,0.000181422099236916,6.23484599313012e-05
5.20105323242188,0.00019222548739738,7.33923063688178e-05
5.21638828281577,0.000205697450010596,8.85927455289518e-05
5.23172333320966,0.000218949781873221,0.000105052523301191
5.24705838360355,0.000231976758498861,0.000122617352866864
5.26239343399744,0.000244773593001311,0.000141107778028948
5.27772848439133,0.000257336336955826,0.000160323434322254
5.29306353478522,0.000269661770774577,0.000180047664475001
5.30839858517911,0.000281747285030369,0.000200052416371217
5.323733635573,0.000293590756550307,0.000220103322491825
5.33906868596689,0.000305190420795068,0.000239964841255728
5.35440373636078,0.000316544743340847,0.000259405334795671
5.37346467503226,0.000330313596036024,0.000282648756815498
5.38702240187101,0.00033987359733783,0.000298355592834374
5.40058012870977,0.000349238191839808,0.000313227213765412
5.41413785554853,0.000358406107101288,0.000327147319992822
5.42769558238729,0.000367375872693174,0.000340014566908986
5.4388963722271,0.000374635610891798,0.000349789810324525
5.45009716206691,0.000381757822482294,0.000358749592932445
5.46129795190673,0.000388741243599876,0.000366863987769519
5.47249874174654,0.000395584455690378,0.000374111906856611
5.48369953158635,0.000402285877491639,0.000380481249661288
5.49490032142616,0.000408843759852757,0.00038596895195965
5.5071166009541,0.000415830286705482,0.000390956175286853
5.51933288048203,0.000422641063451841,0.000394921332366932
5.53154916000996,0.000429273142296547,0.000397895846053078
5.54376543953789,0.000435723354974442,0.000399922427921257
5.55598171906582,0.000441988328636161,0.000401054317233214
5.56819799859376,0.000448064506030238,0.000401354383315796
5.58041427812169,0.000453948167732685,0.000400894100229414
5.59264110014079,0.000459640282586556,0.000399751145264867
5.60486792215989,0.000465131723524889,0.000398010978193995
5.61709474417899,0.000470418453478728,0.000395763926138017
5.62932156619809,0.000475496400185522,0.000393103905934477
5.64154838821719,0.000480361494366848,0.000390127030953877
5.65377521023629,0.000485009705626247,0.000386930213306381
5.66600203225539,0.000489437081292114,0.000383609767954462
5.67949792580362,0.000494062986106336,0.000379914229876453
5.69299381935184,0.000498410225259401,0.000376305006414769
5.70648971290006,0.000502474137896341,0.000372897461529473
5.71998560644828,0.000506250403298068,0.000369798104622448
5.7334814999965,0.000509735088833674,0.000367102885442718
5.74697739354473,0.000512924691264656,0.000364895750300942
5.76047328709295,0.000515816173757416,0.00036324740239824
5.77437254711109,0.000518479780258589,0.000362193391750736
5.78827180712923,0.000520822288533141,0.000361836878866471
5.80217106714737,0.000522842101415589,0.000362205344287019
5.81607032716551,0.000524538232795459,0.000363308635098489
5.82996958718365,0.000525910305359628,0.000365139106539615
5.8438688472018,0.000526958543439147,0.0003676720080965
5.85776810721994,0.000527683761179558,0.000370866170181284
5.87166736723808,0.000528087336840916,0.000374665025951326
5.88817938883373,0.000528151431244496,0.00037986546413748
5.90469141042938,0.000527768437122262,0.000385677664447474
5.92120343202503,0.000526943379381688,0.000391939266127092
5.93771545362068,0.000525682077723795,0.000398471427941617
5.95138123907993,0.000524312882975498,0.000403946684677374
5.96504702453918,0.000522653315818108,0.000409365282897917
5.97871280999843,0.000520707586521465,0.000414614493269997
5.99237859545767,0.000518480083375866,0.000419582424656541
6.00604438091692,0.000515975325341728,0.000424159967888752
6.01971016637617,0.000513197911242578,0.000428242766915427
6.03337595183542,0.000510152487001038,0.000431732760709682
6.04704173729466,0.000506843704794667,0.000434539819583713
6.06070752275391,0.000503276179723631,0.000436583303796962
6.07437330821316,0.000499454457642606,0.00043779335900455
6.08563563332645,0.000496116962002521,0.00043812264859658
6.09689795843974,0.000492612268735655,0.000437820208853981
6.10816028355303,0.00048894273779298,0.0004368661107285
6.11942260866632,0.00048511065780621,0.000435246660990203
6.13068493377961,0.000481118238150945,0.000432954533301834
6.14194725889291,0.000476967605362291,0.000429988808177802
6.16160096979813,0.000469351508945031,0.000423219580028556
6.17741826639863,0.000462883623579424,0.000416344560738405
6.19041113398808,0.000457348692283572,0.0004097922623236
6.20340400157753,0.000451616337416763,0.000402472698318649
6.21639686916698,0.000445689043168986,0.000394440743612961
6.22801649345004,0.000440225034945884,0.00038670537380328
6.23963611773311,0.000434608649818091,0.000378499788238091
6.25125574201617,0.000428841475754042,0.000369877184133087
6.26287536629923,0.000422925066770359,0.000360893770737289
6.2744949905823,0.000416860957914958,0.000351608044159358
6.28611461486536,0.00041065067943312,0.000342080061416149
6.29909575399764,0.000403541748877078,0.000331223929793849
6.31207689312992,0.000396254494803151,0.000320226382523901
6.3250580322622,0.000388791168033717,0.000309171281712615
6.33803917139447,0.000381154111231392,0.000298140101594387
6.35102031052675,0.00037334578449324,0.000287210759570572
6.36400144965903,0.000365368789785403,0.000276456525493962
6.3784842550776,0.000356273344066009,0.000264747484925185
6.39296706049616,0.000346975506877472,0.000253424555240574
6.40744986591473,0.000337479702796535,0.000242560394167222
6.42193267133329,0.000327790696726252,0.000232214955604877
6.43369683997404,0.00031978177771569,0.000224225830409227
6.44546100861478,0.000311651683735788,0.000216627886048547
6.45722517725553,0.000303403505385202,0.000209432901388328
6.46898934589627,0.000295040497852939,0.000202646397211018
6.48075351453701,0.000286566082219485,0.000196267652860905
6.49251768317776,0.000277983842827667,0.000190289817909361
6.50749744527119,0.000266905620279875,0.000183237490574801
6.52247720736461,0.000255666742641017,0.00017677448373783
6.53745696945804,0.00024427567460342,0.00017084762789493
6.55243673155147,0.000232741230886772,0.000165391542545111
6.56741649364489,0.000221072544140807,0.000160330273215819
6.58239625573832,0.000209279026298415,0.000155579114580431
6.59737601783175,0.000197370327682509,0.000151046589932545
6.613985265539,0.000184043488939813,0.000146160038199351
6.63059451324625,0.000170600789422575,0.000141289448202566
6.64720376095351,0.000157056008581591,0.000136300053715057
6.66381300866076,0.000143422998036104,0.000131060438399572
6.68042225636801,0.000129715601938512,0.000125445951486395
6.69703150407526,0.000115947578425548,0.000119341895855635
6.71364075178252,0.00010213253330046,0.000112646411650774
6.73024999948977,8.82838512132458e-05,0.000105273005513655
6.74685924719702,7.44146279553803e-05,9.71526632419291e-05
6.76346849490428,6.05376244453039e-05,8.82354803634447e-05
6.77650490355814,4.96483376713319e-05,8.06583477104402e-05
6.78830033225119,3.98029331701078e-05,7.33587894671934e-05
6.80009576094424,2.99687879910898e-05,6.5639257626308e-05
6.81189118963729,2.01499671727353e-05,5.75067135619438e-05
6.82368661833035,1.0350414776384e-05,4.89733240987331e-05
6.8354820470234,5.73954384116168e-07,4.00562833130822e-05
6.84727747571645,-9.17570954925355e-06,3.07775689967708e-05
6.8590729044095,-1.88949924400322e-05,2.11636474795917e-05
6.87201687572415,-2.95215791604189e-05,1.02643007192965e-05
6.8849608470388,-4.01029744984354e-05,-9.56183732434756e-07
6.89790481835345,-5.0634901887172e-05,-1.24474620250525e-05
6.9108487896681,-6.11132289647823e-05,-2.41552349037665e-05
6.92379276098276,-7.1533953009173e-05,-3.60220674167411e-05
6.93673673229741,-8.18931883389851e-05,-4.79882405414752e-05
6.95117745829874,-9.33731009292426e-05,-6.13803493095957e-05
6.96561818430007,-0.000104766652883212,-7.47344005402245e-05
6.9800589103014,-0.000116068822084983,-8.79656315439092e-05
6.99449963630274,-0.000127274667413152,-0.000100991525417516
7.00894036230407,-0.000138379297048042,-0.000113733225061687
7.0233810883054,-0.000149377837273911,-0.000126116899747533
7.03782181430673,-0.000160265413699904,-0.000138074996222675
7.05226254030807,-0.000171037123186204,-0.000149547347748208
7.06507258852965,-0.000180491495143842,-0.000159275701384054
7.07788263675124,-0.000189847282117465,-0.000168550715296652
7.09069268497283,-0.000199100927255181,-0.000177348117046729
7.10350273319442,-0.000208248812309912,-0.000185649842995969
7.11631278141601,-0.000217287254959845,-0.000193444206375956
7.1291228296376,-0.000226212505798384,-0.000200725938214982
7.14193287785919,-0.000235020744143346,-0.000207496128234329
7.15658451403921,-0.000244946803562066,-0.000214622879516612
7.16867987203803,-0.000253017681680099,-0.000220023288241675
7.18077523003685,-0.000260973351492459,-0.000225004499333672
7.19054541733597,-0.000267313191991017,-0.000228735892027087
7.20031560463508,-0.000273573795789016,-0.000232219932467315
7.2100857919342,-0.000279753322586173,-0.000235470843901454
7.21985597923332,-0.000285849922755008,-0.000238504128627091
7.22962616653243,-0.000291861737051397,-0.000241336480555999
7.23939635383155,-0.000297786902641584,-0.000243985618624771
7.24916654113067,-0.000303623553915022,-0.000246470113268284
7.25893672842979,-0.000309369829164959,-0.000248809187560243
7.26705357042724,-0.000314073637582703,-0.000250655956195404
7.2751704124247,-0.000318712727990656,-0.000252427421439467
7.28328725442215,-0.000323286047722484,-0.000254135107118952
7.29140409641961,-0.000327792552671905,-0.000255790518171935
7.29952093841706,-0.000332231208164503,-0.000257405078892888
7.31025701941986,-0.000337996217445929,-0.000259497047219323
7.32099310042266,-0.000343638400568515,-0.000261562725426762
7.33172918142547,-0.000349155473832216,-0.000263626619893205
7.34246526242827,-0.000354545206726504,-0.000265711999389039
7.35320134343107,-0.000359805428899301,-0.000267840657125589
7.36393742443387,-0.000364934037392946,-0.000270032689289777
7.37939593000378,-0.000372083285578831,-0.000273336346258471
7.3948544355737,-0.000378949705824848,-0.000276855252290774
7.41031294114361,-0.00038552789978594,-0.00028062607592109
7.42577144671352,-0.000391812872817412,-0.000284674739633058
7.43842467229496,-0.000396735860702367,-0.000288206131479451
7.45107789787639,-0.000401457043430257,-0.000291936091081803
7.46373112345783,-0.000405974344120318,-0.000295861858786591
7.47638434903926,-0.000410285894287057,-0.000299975641133937
7.48903757462069,-0.000414390038296854,-0.000304264733884809
7.50169080020213,-0.000418285333462242,-0.000308711734224686
7.51676091797555,-0.000422650475687485,-0.000314183640324407
7.53183103574896,-0.000426715929091862,-0.000319804120367098
7.54690115352238,-0.000430480398960603,-0.000325521770175763
7.5619712712958,-0.000433942976721501,-0.000331279181561351
7.57704138906922,-0.000437103119935436,-0.000337014173698836
7.59211150684264,-0.00043996062721339,-0.000342661122510327
7.60718162461605,-0.000442515608833755,-0.000348152359093418
7.624822292067,-0.000445122610620108,-0.000354290777268579
7.64246295951795,-0.000447316684369034,-0.000360014349147244
7.6601036269689,-0.000449099278950681,-0.00036521966396599
7.67774429441985,-0.000450472162507726,-0.000369810716595248
7.6953849618708,-0.000451437351678507,-0.00037370152563932
7.71302562932175,-0.000451997040938297,-0.00037681843464676
7.7306662967727,-0.000452153542853225,-0.000379102025972152
7.74935863294562,-0.000451882064747847,-0.000380564072395905
7.76805096911854,-0.000451163417318626,-0.000381010162276579
7.78674330529146,-0.000450000433742129,-0.000380430656290285
7.80543564146438,-0.000448395904679487,-0.000378837673690377
7.8241279776373,-0.000446352561931025,-0.000376264387537292
7.84282031381022,-0.000443873084261096,-0.000372763661900618
7.86151264998314,-0.000440960124354693,-0.000368406077405975
7.88020498615607,-0.00043761633910645,-0.000363277447489309
7.89504574721486,-0.000434656524586613,-0.000358721236395224
7.90988650827366,-0.000431428253226812,-0.000353793966243934
7.92472726933245,-0.000427933001718031,-0.000348551408004402
7.93850563719414,-0.000424450334200162,-0.000343451810648142
7.95228400505582,-0.000420740240487853,-0.000338175589687661
7.96606237291751,-0.000416804171142714,-0.000332768076010779
7.9798407407792,-0.000412643699446675,-0.000327273219968025
7.99361910864088,-0.000408260542449723,-0.000321732840808487
8.00739747650257,-0.000403656575746347,-0.000316185964205929
8.02410738021547,-0.00039777973628374,-0.000309501020988198
8.04081728392837,-0.000391585194537946,-0.000302914341907857
8.05752718764127,-0.000385077435036146,-0.000296471908631188
8.07137911730002,-0.00037944881818371,-0.000291266291144195
8.08523104695876,-0.000373611455198268,-0.000286198393196367
8.09908297661751,-0.000367568679239354,-0.000281276892837497
8.11293490627626,-0.000361324069530245,-0.000276504985974588
8.126786835935,-0.000354881454676728,-0.000271880412521763
8.14063876559375,-0.000348244911621419,-0.000267395598788792
8.15962451176358,-0.000338841594490791,-0.000261451844298262
8.17861025793342,-0.00032909395478134,-0.000255699677928303
8.19759600410326,-0.000319014619878876,-0.000250078088411343
8.2165817502731,-0.000308616937146896,-0.000244514301448992
8.23556749644293,-0.000297914895639126,-0.00023892673336785
8.25455324261277,-0.00028692303710928,-0.000233228183436934
8.27353898878261,-0.000275656357716715,-0.000227329186521386
8.29252473495245,-0.000264130202803967,-0.000221141413062197
8.31464558000986,-0.000250394196633953,-0.000213456871312742
8.33209372341438,-0.000239342473231067,-0.000206959804319264
8.34954186681889,-0.000228112483113692,-0.000200023259373033
8.36699001022341,-0.000216716411389536,-0.000192606403565616
8.38443815362793,-0.000205166345785387,-0.000184678801601009
8.39897162767589,-0.000195436750086001,-0.000177671442146485
8.41350510172385,-0.000185615404043631,-0.000170291622272667
8.42803857577181,-0.000175709009206447,-0.000162540608886061
8.44257204981977,-0.000165724158244642,-0.00015442552708874
8.45710552386773,-0.000155667327987556,-0.000145959256312991
8.47163899791569,-0.000145544876421742,-0.000137160210231352
8.48794575794002,-0.000134116950624542,-0.00012692084175685
8.50425251796436,-0.000122622907439398,-0.000116332817925296
8.52055927798869,-0.000111071221299153,-0.000105443095791867
8.53686603801302,-9.94702133955072e-05,-9.43040822856801e-05
8.55317279803735,-8.78280723261569e-05,-8.2972434198134e-05
8.56947955806168,-7.61528785314298e-05,-7.15077616227878e-05
8.58578631808601,-6.4452629258343e-05,-5.99712747147793e-05
8.60339060863523,-5.18024198296862e-05,-4.75068468048371e-05
8.62099489918445,-3.91422316112285e-05,-3.5105939879626e-05
8.63859918973368,-2.64820323871249e-05,-2.28409493366092e-05
8.6562034802829,-1.38318382318722e-05,-1.07790109167299e-05
8.67380777083212,-1.20175130348013e-06,1.01960716118673e-06
8.69141206138134,1.13980093308179e-05,1.25028334519512e-05
8.70901635193056,2.39570814153439e-05,2.3627880550593e-05
8.72662064247978,3.64649394144855e-05,3.43620702809608e-05
8.74509472297365,4.95240119579937e-05,4.51823360449996e-05
8.76356880346753,6.25023176794203e-05,5.55353444861232e-05
8.7820428839614,7.5387065262275e-05,6.54214675933e-05
8.80051696445527,8.81652686497555e-05,7.48534371414026e-05
8.81899104494915,0.000100823776579985,8.38553729690985e-05
8.83746512544302,0.000113349310926696,9.2461517221735e-05
8.8559392059369,0.000125728511822925,0.00010071466982674
8.87441328643077,0.000137947995214018,0.000108664338978008
8.89298032915129,0.00015005457423669,0.000116402921118814
8.9115473718718,0.000161972902798779,0.000123947294541642
8.93011441459231,0.000173689715927349,0.000131355467106939
8.94868145731283,0.000185191998061139,0.000138683674512596
8.96724850003334,0.000196467050002594,0.000145984316365859
8.98581554275386,0.000207502556520774,0.000153304049566533
9.00438258547437,0.000218286648381912,0.000160682115203902
9.0233727158659,0.000229044553400915,0.000168320328838659
9.04236284625743,0.000239515980488262,0.000176073272703975
9.06135297664896,0.000249689986444773,0.000183951239427448
9.08034310704049,0.000259556289677622,0.000191952550959041
9.09933323743202,0.000269105288655814,0.000200063594907206
9.11832336782355,0.000278328069822944,0.000208259268451083
9.13731349821508,0.000287216397644848,0.000216503829109175
9.15695692426608,0.000296050537272363,0.000225035287951489
9.17328284162304,0.00030310871875729,0.00023208674280666
9.18960875898,0.000309904776563252,0.000239062645477619
9.20593467633695,0.000316434987511852,0.000245922910173183
9.22226059369391,0.000322695921433511,0.000252625927094955
9.23858651105087,0.000328684415211259,0.000259129551894559
9.25491242840782,0.000334397552106638,0.000265392089062725
9.26991824568841,0.00033940355698571,0.000270901007589338
9.284924062969,0.000344172719279517,0.000276142632005345
9.29992988024959,0.000348703230134882,0.000281089550123542
9.31493569753018,0.000352993399392063,0.000285717042520817
9.32994151481077,0.000357041641912302,0.000290003547025289
9.34494733209135,0.000360846467877218,0.000293931019788659
9.36194102982696,0.000364859648254584,0.000297927470102397
9.37893472756257,0.000368556941586696,0.000301430817222518
9.39592842529817,0.000371936561013605,0.000304433362579726
9.41292212303378,0.000374996839778095,0.000306934268509751
9.42991582076938,0.00037773623121956,0.000308939410551106
9.44690951850499,0.000380153312690691,0.000310461057297023
9.46390321624059,0.000382246794183368,0.000311517398101211
9.48437805338241,0.00038433768330818,0.000312205797051778
9.50485289052422,0.00038595546226855,0.00031230290839883
9.52532772766604,0.000387098817856881,0.000311865954116959
9.54580256480786,0.000387766868359192,0.00031095721401756
9.56627740194967,0.000387959218565957,0.000309641538047669
9.58675223909149,0.000387676018500016,0.000307983824284222
9.6072270762333,0.00038691801587803,0.000306046565577509
9.632756528218,0.000385309990175264,0.000303325990574199
9.65286306971001,0.000383528191258551,0.000301004526732175
9.67296961120201,0.000381295342604377,0.000298567788975786
9.69307615269401,0.000378615019229735,0.000296044551818405
9.71318269418602,0.000375491527748518,0.000293453574111078
9.72925264158392,0.00037267982526802,0.000291340047649966
9.74532258898182,0.00036959115665551,0.00028918829525073
9.76139253637973,0.000366228730660426,0.000286993718633222
9.77746248377763,0.000362596043637198,0.000284747890275839
9.79353243117554,0.000358696872567533,0.00028243886534698
9.80960237857344,0.00035453526325502,0.000280051583424311
9.82919455554161,0.000349112746753061,0.000277009311613427
9.84878673250979,0.000343314824150429,0.00027378811728317
9.86837890947796,0.000337150255584758,0.000270348837722426
9.88797108644613,0.00033062824089862,0.000266650943324427
9.90756326341431,0.000323758373781416,0.000262654189161311
9.92715544038248,0.000316550592606785,0.000258320249326695
9.94674761735065,0.000309015131590059,0.000253614271670523
9.96811142128758,0.000300437126815083,0.000248023687082785
9.98947522522452,0.000291495849708113,0.0002419246442882
10.0108390291614,0.000282205410645586,0.000235296670070796
10.0322028330984,0.000272580107866686,0.000228130412385769
10.0535666370353,0.00026263438657782,0.000220428212033597
10.0749304409722,0.000252382804395063,0.000212204197671808
10.0962942449092,0.000241840014149072,0.000203483891329533
10.131283312298,0.000223982938560384,0.00018822800220981
10.1579113520913,0.000209936295030689,0.000175920115154177
10.1676465416736,0.000204708765534117,0.000171294128507714
10.1773817312559,0.000199434179900899,0.000166609569630013
10.1871169208381,0.000194113971010535,0.000161872365960067
10.1968521104204,0.000188749576121334,0.00015708857913236
10.2065873000027,0.000183342441411989,0.000152264321758878
10.2163224895849,0.000177894018621004,0.000147405692950893
10.2260576791672,0.000172405765860411,0.00014251874094003
10.2351850668188,0.000167225293051477,0.000137916479084716
10.2443124544704,0.000162012316840285,0.000133299389668374
10.253439842122,0.000156768058997122,0.000128672178270299
10.2625672297737,0.000151493750255125,0.000124039395358233
10.2716946174253,0.000146190629108909,0.000119405412703249
10.2808220050769,0.000140859940266199,0.000114774403193323
10.2921852215218,0.000134186829164389,0.000109019040378447
10.3035484379667,0.000127475372964781,0.000103281449400376
10.3149116544116,0.000120728027085666,9.75681023349782e-05
10.3262748708565,0.000113947268083852,9.18847761276793e-05
10.3376380873015,0.000107135594148391,8.62365209835452e-05
10.3512630815201,9.8930881430474e-05,7.95162902766945e-05
10.3648880757388,9.06897221997133e-05,7.28586392805584e-05
10.3785130699574,8.24165400320022e-05,6.62678985803903e-05
10.3921380641761,7.41157968767333e-05,5.9746806527704e-05
10.4057630583947,6.57919905540456e-05,5.32965562714426e-05
10.4193880526134,5.74496542846678e-05,4.69168436709482e-05
10.4380563935955,4.59976099116236e-05,3.82868479457629e-05
10.4567247345777,3.45311712011395e-05,2.97775150270585e-05
10.4753930755598,2.30622371820633e-05,2.13764657007799e-05
10.4940614165419,1.16027599683952e-05,1.30680781477347e-05
10.5127297575241,1.64715505029702e-07,4.83433223935474e-06
10.5313980985062,-1.12399231196839e-05,-3.3443033042352e-06
10.5520750094519,-2.38181879233824e-05,-1.23628486660963e-05
10.5727519203975,-3.63246897380345e-05,-2.13652600537281e-05
10.5934288313432,-4.87434369673729e-05,-3.03764108498148e-05
10.6141057422889,-6.10586305386847e-05,-3.94178034625688e-05
10.6347826532345,-7.3254712507422e-05,-4.85063649059761e-05
10.6554595641802,-8.53164097367877e-05,-5.76534574298613e-05
10.6761364751258,-9.72287716924726e-05,-6.68641197246766e-05
10.6968133860715,-0.0001089772055636,-7.61365630634239e-05
10.7179984307855,-0.000120829485624887,-8.56916676243341e-05
10.7391834754995,-0.000132479940149685,-9.52851838457229e-05
10.7603685202134,-0.000143914203900186,-0.000104892668021795
10.7815535649274,-0.000155118395128338,-0.000114483087710813
10.8027386096414,-0.000166079115808109,-0.000124019782417974
10.8239236543554,-0.000176783445128158,-0.000133461618155681
10.8451086990693,-0.000187218942266924,-0.000142764304232718
10.8662937437833,-0.000197373628045094,-0.000151881943447387
10.8874787884973,-0.000207235964622744,-0.000160768403676429
10.9086638332113,-0.000216794847862368,-0.000169378810536934
10.9298488779252,-0.000226039585070712,-0.000177671046283898
10.9510339226392,-0.000234959869084337,-0.00018560708394296
10.9722189673532,-0.000243545768686168,-0.000193154085703937
10.9897389465294,-0.000250386849938744,-0.000199082240677888
11.0072589257056,-0.000256987454734886,-0.00020471423477484
11.0247789048818,-0.000263342514124521,-0.000210041722200027
11.042298884058,-0.000269447123431422,-0.00021505969923732
11.0598188632341,-0.000275296539398836,-0.000219766507403493
11.0773388424103,-0.000280886184821103,-0.000224163731393675
11.0988244695021,-0.000287379971245335,-0.000229140663381588
11.1203100965938,-0.000293468710334329,-0.000233673264933819
11.1417957236855,-0.000299145072629047,-0.000237780920420326
11.1632813507773,-0.00030440218920493,-0.000241487092778709
11.184766977869,-0.000309233679535407,-0.000244818053746246
11.2062526049608,-0.00031363368424782,-0.000247801538667392
11.2277382320525,-0.000317596908923921,-0.000250465359088925
11.2508117798937,-0.000321361304918172,-0.000253000204691646
11.273885327735,-0.000324611565325903,-0.000255226533093182
11.2969588755762,-0.000327343576737772,-0.000257169216131687
11.3200324234174,-0.000329554161854416,-0.000258846968206047
11.3431059712587,-0.000331241108578676,-0.000260271450818962
11.3661795190999,-0.00033240319715142,-0.00026144680360682
11.3902673091837,-0.000333056179495494,-0.000262404192119494
11.4143550992675,-0.00033313785585234,-0.00026307381251651
11.4384428893513,-0.000332650341265691,-0.000263435451692864
11.4583536972341,-0.000331819967482018,-0.000263483050560629
11.4782645051169,-0.000330605348715462,-0.000263284521351658
11.4981753129997,-0.000329009430592383,-0.000262820753030418
11.5180861208825,-0.000327035646561228,-0.000262071873110366
11.5379969287653,-0.000324687894664174,-0.000261018096870172
11.5579077366481,-0.000321970513164387,-0.000259640555032913
11.5842915545725,-0.000317808461030459,-0.000257287577153093
11.610675372497,-0.000313017866107528,-0.000254303027777015
11.6313071464753,-0.000308842255821685,-0.000251513336396291
11.6519389204536,-0.000304297089345557,-0.000248316542359836
11.672570694432,-0.000299389463255649,-0.000244711217172458
11.6932024684103,-0.000294126812350238,-0.000240700740759325
11.7138342423886,-0.000288516890332803,-0.000236293356787772
11.734466016367,-0.000282567756658069,-0.00023150203986619
11.7560308171238,-0.000275996088069528,-0.000226102567893125
11.7775956178806,-0.000269072852559851,-0.000220326958581799
11.7991604186374,-0.000261808290928776,-0.000214203250082476
11.8207252193941,-0.00025421299858604,-0.000207762298060076
11.8422900201509,-0.00024629793197597,-0.000201036775599686
11.8638548209077,-0.000238074418902179,-0.000194060111759887
11.8854196216645,-0.000229554164425862,-0.000186865429853677
11.9115510523208,-0.000218849360245169,-0.000177900282139044
11.937682482977,-0.000207748903411193,-0.000168713443751315
11.9638139136332,-0.000196275947384734,-0.000159350187717283
11.9851464821069,-0.000186650440518972,-0.000151601610961141
12.0064790505805,-0.000176806160565045,-0.000143775497778279
12.0278116190542,-0.000166756954775688,-0.00013588292246235
12.0491441875279,-0.000156517015391995,-0.000127930851683237
12.0704767560015,-0.000146100859549855,-0.000119922337769623
12.0918093244752,-0.000135523301483466,-0.000111856906797171
12.1180100415165,-0.000122333287712196,-0.000101867792876806
12.1442107585579,-0.000108950965479971,-9.17766904140629e-05
12.1704114755992,-9.54051394856454e-05,-8.15699444194206e-05
12.1966121926405,-8.17249015879307e-05,-7.12333935937663e-05
12.2228129096819,-6.79395100000359e-05,-6.07546544960437e-05
12.2490136267232,-5.40782663818141e-05,-5.01252555918917e-05
12.2752143437645,-4.01703996520695e-05,-3.93424931880732e-05
12.3014150608059,-2.62449576208808e-05,-2.84108875128018e-05
12.3276157778472,-1.23307090996537e-05,-1.73431350473371e-05
12.3559658859594,2.6795270648606e-06,-5.23884305378202e-06
12.3843159940717,1.76079750820245e-05,6.96190574751067e-06
12.4126661021839,3.24198682377213e-05,1.92107560881279e-05
12.4410162102962,4.70811490355685e-05,3.14508218679528e-05
12.4693663184084,6.15584982628401e-05,4.36191585234582e-05
12.4977164265207,7.58193521552693e-05,5.56496226734562e-05
12.5260665346329,8.98319040941814e-05,6.74759360835261e-05
12.5561485934211,0.000104394349698091,7.97311137302174e-05
12.5862306522094,0.000118606107840039,9.16166113720775e-05
12.6090631984333,0.000129137205449659,0.000100354379068766
12.6318957446573,0.00013943095375668,0.000108824302684306
12.6547282908812,0.000149472672703682,0.000117010171264245
12.6775608371052,0.000159248034271908,0.000124900283817649
12.7003933833291,0.000168743079261703,0.00013248743946531
12.7232259295531,0.000177944242161489,0.000139768712392006
12.746058475777,0.000186838379058926,0.000146744986132972
12.7719673395395,0.000196542949328959,0.000154297060911795
12.7978762033019,0.000205818073805769,0.000161471372001594
12.8237850670644,0.000214646849288874,0.000168279981391634
12.8496939308268,0.000223013312433658,0.000174735809142731
12.8756027945893,0.000230902507917273,0.000180851087935412
12.9015116583517,0.000238300553759059,0.000186635931303199
12.9274205221142,0.000245194691490009,0.000192097128748633
12.9533293858766,0.000251573336468997,0.000197237210686488
12.9792382496391,0.000257426118169185,0.000202053861729856
13.0051471134015,0.000262743897090878,0.000206539734714996
13.031055977164,0.000267518780788091,0.000210682608734595
13.0538220605662,0.000271261067480217,0.000214026780514316
13.0765881439685,0.00027457531991607,0.000217079831058378
13.0993542273707,0.000277458554310379,0.000219826658687958
13.1221203107729,0.000279908505101379,0.000222251225379194
13.1448863941752,0.000281923607713448,0.000224337264288186
13.1676524775774,0.000283502981573866,0.000226069001051217
13.2002134413512,0.00028500431017152,0.000227901704433274
13.226207693394,0.000285563831416929,0.000228799008956963
13.2522019454368,0.000285558111863814,0.000229179272551618
13.2781961974796,0.000284990192827296,0.000229034531200735
13.3041904495224,0.000283864105954403,0.000228362511851731
13.3301847015653,0.000282184847779444,0.00022716680975436
13.3561789536081,0.000279958362241068,0.000225456781781115
13.3821732056509,0.000277191527839977,0.000223247117474458
13.4129660080959,0.000273225531829119,0.000220009832151791
13.4437588105409,0.000268526917625925,0.000216137334806919
13.4745516129859,0.000263112156603955,0.000211672874457834
13.5003500697651,0.000258037555083891,0.000207509670782192
13.5261485265444,0.000252484810885597,0.000202988778797216
13.5519469833236,0.000246466544646215,0.000198135075890595
13.5777454401028,0.000239996260794563,0.000192971246979523
13.6035438968821,0.000233088330899498,0.000187517038847283
13.6293423536613,0.000225757974334736,0.000181788813379833
13.6551408104405,0.000218021234012013,0.00017579938900417
13.6809392672198,0.000209894941782943,0.000169558132026492
13.7091457023711,0.000200585136154419,0.0001624533933275
13.7373521375224,0.000190854636916346,0.000155059541643359
13.7655585726738,0.000180728302508223,0.000147378496043754
13.7937650078251,0.000170231828666085,0.000139410854208203
13.8219714429764,0.000159391659107217,0.00013115727966182
13.8501778781278,0.000148234885799733,0.000122619880198046
13.8783843132791,0.000136789156380743,0.000113803478430483
13.9083711669542,0.000124335557371432,0.000104134325165018
13.9383580206293,0.000111621388323132,9.41757244457684e-05
13.9683448743044,9.86812512970659e-05,8.39502893397878e-05
13.9983317279795,8.55500204968786e-05,7.34872349827423e-05
14.0283185816546,7.22627418182746e-05,6.28219759206014e-05
14.0583054353297,5.88545537315907e-05,5.1995245937472e-05
14.0882922890047,4.53606300204841e-05,4.10518143554599e-05
14.1182791426798,3.18161049127919e-05,3.00389530253693e-05
14.145783802765,1.93782098280119e-05,1.99177236101054e-05
14.1732884628502,6.95415952128426e-06,9.8149043075165e-06
14.2007931229353,-5.42924625085545e-06,-2.3472439724446e-07
14.2282977830205,-1.77453816623196e-05,-1.01989764925132e-05
14.2558024431057,-2.99678249402444e-05,-2.00490319897188e-05
14.2833071031909,-4.20704057373837e-05,-2.97599102740306e-05
14.310811763276,-5.4027253041469e-05,-3.93106740375439e-05
14.3383164233612,-6.58128381042032e-05,-4.86843912405009e-05
14.3658210834464,-7.74020320776736e-05,-5.78678420739707e-05
14.3933257435315,-8.87701696403111e-05,-6.68510027011508e-05
14.4208304036167,-9.98931069438882e-05,-7.56263598813752e-05
14.4483350637019,-0.000110747286597108,-8.41880934250993e-05
14.4786032331033,-0.000122354083710832,-9.33571303803716e-05
14.5088714025047,-0.000133578179933551,-0.000102254542507869
14.5391395719061,-0.000144391224010234,-0.000110872147623544
14.5694077413075,-0.000154766126819664,-0.000119199266247803
14.5996759107089,-0.000164677149736431,-0.000127221958706024
14.6299440801103,-0.00017409997985805,-0.000134922644728801
14.6602122495118,-0.000183011799090391,-0.000142280103863291
14.6935820205169,-0.000192219137214968,-0.000149964269171156
14.726951791522,-0.000200753300689981,-0.000157165118571896
14.7603215625271,-0.00020859043192232,-0.000163844326211087
14.7922749983512,-0.000215421820399618,-0.00016971581433505
14.8242284341753,-0.000221577712805239,-0.000175042156569975
14.8561818699994,-0.000227043454084978,-0.000179794867844044
14.8881353058235,-0.000231806451661699,-0.000183950258896089
14.9140293564866,-0.000235143444264458,-0.000186867044006118
14.9399234071497,-0.000238007380901129,-0.000189373547183395
14.9658174578128,-0.000240394542925726,-0.00019146645049659
14.9917115084759,-0.000242302107066072,-0.000193145247212279
15.0176055591389,-0.00024372814845964,-0.000194412093368111
15.043499609802,-0.000244671646817134,-0.000195271529698677
15.0760038408784,-0.000245172880187742,-0.000195783863988701
15.1085080719548,-0.000244915488159398,-0.000195680813641219
15.1410123030312,-0.000243903607039158,-0.000194980705177597
15.1735165341076,-0.00024214368857641,-0.000193702474130504
15.2060207651839,-0.000239644506500598,-0.00019186430560801
15.2385249962603,-0.000236417154869644,-0.00018948255320207
15.2710292273367,-0.000232475026646913,-0.000186571027237159
15.3051159948555,-0.00022759026427648,-0.000182960610256127
15.3392027623742,-0.000221957340100556,-0.000178789125007545
15.373289529893,-0.000215599509948678,-0.00017406356991
15.4073762974118,-0.000208542499388049,-0.000168789661671361
15.4414630649305,-0.000200814378126305,-0.000162973320175313
15.4755498324493,-0.000192445411189739,-0.00015662228364088
15.5096365999681,-0.000183467901760781,-0.00014974765893216
15.5437233674868,-0.000173916038742747,-0.000142365222709466
15.5778101350056,-0.000163825733565241,-0.000134496374122428
15.6118969025244,-0.000153234461029282,-0.000126168610422946
15.6459836700431,-0.000142181119476191,-0.000117415449434459
15.6800704375619,-0.000130705887160568,-0.000108275869928455
15.709421233047,-0.000120518518142297,-0.000100129640194983
15.738772028532,-0.000110075963418844,-9.17586997721541e-05
15.7681228240171,-9.94057227326793e-05,-8.3193637645104e-05
15.7974736195022,-8.8535737211067e-05,-7.44652577830009e-05
15.8268244149873,-7.7494342261382e-05,-6.56039251748933e-05
15.8561752104723,-6.63102049285595e-05,-5.66389190778365e-05
15.8855260059574,-5.50122578845238e-05,-4.75978813463941e-05
15.9148768014425,-4.36296357094612e-05,-3.85064448620454e-05
15.9442275969276,-3.21916037850648e-05,-2.93880762346698e-05
15.9765206026138,-1.95779827859926e-05,-1.93499419075067e-05
16.0088136083001,-6.9717990502707e-06,-9.3306329229068e-06
16.0411066139863,5.58810613982881e-06,6.46529640796808e-07
16.0733996196725,1.80632013301457e-05,1.05598004319825e-05
16.1056926253588,3.04154013388158e-05,2.0388182765968e-05
16.137985631045,4.260720979141e-05,3.01106003225887e-05
16.1702786367313,5.46018593237148e-05,3.97051400007028e-05
16.2096828838803,6.89186777728259e-05,5.12050864150026e-05
16.2490871310294,8.2825316873053e-05,6.24336449248217e-05
16.2884913781784,9.62610024014077e-05,7.33405075723812e-05
16.3278956253274,0.000109167719210445,8.38715467090626e-05
16.3672998724765,0.00012149043878643,9.39702385320404e-05
16.4067041196255,0.000133177305991043,0.000103579732426364
16.4461083667746,0.00014417980082848,0.000112645197086687
16.4781309965266,0.000152585891209415,0.000119576525668483
16.5101536262786,0.000160487765328683,0.000126090974951118
16.5421762560306,0.00016786462896163,0.00013216778837043
16.5741988857826,0.000174697348591032,0.000137789742466308
16.6062215155347,0.000180968495932917,0.000142943291431222
16.6382441452867,0.000186662392579003,0.000147618481548498
16.6727674705971,0.000192138379635657,0.00015211531819264
16.7072907959074,0.000196912302029612,0.000156043704035957
16.7418141212178,0.000200971673234303,0.00015940171670628
16.7763374465282,0.00020430657544053,0.000162189355723801
16.8108607718386,0.000206909697554406,0.00016440767681599
16.845384097149,0.000208776366797832,0.000166058054379327
16.8799074224593,0.000209904553299621,0.000167141663794585
16.9144307477697,0.000210294869297924,0.000167659192108804
16.9489540730801,0.000209950557719313,0.000167610823323499
16.9834773983905,0.000208877446213502,0.000166996538529031
17.0212392416386,0.000206879058895498,0.00016567695996603
17.0518104140532,0.000204639601564576,0.000164114051638609
17.0823815864679,0.000201853844469087,0.000162110742382886
17.1129527588825,0.000198532473926474,0.000159670589361462
17.1383951472173,0.000195368600150835,0.000157310543770589
17.163837535552,0.000191849754529639,0.000154655807196831
17.1892799238867,0.000187984216866006,0.000151711648058046
17.2147223122214,0.000183780868433489,0.000148484445044992
17.2401647005561,0.000179249166685111,0.000144981700876846
17.2656070888908,0.000174399122275434,0.000141212003007911
17.2975934621616,0.000167866212130578,0.000136108758988981
17.3295798354323,0.000160868955521776,0.000130619746770016
17.3615662087031,0.000153430676646137,0.000124767738262146
17.3935525819738,0.00014557584946815,0.000118576783260665
17.4255389552446,0.000137330030981611,0.000112071682529584
17.4575253285154,0.000128719786829843,0.000105277498493107
17.4970002198905,0.000117632293263908,9.65310621983275e-05
17.5364751112657,0.000106085172178028,8.74278946539322e-05
17.5759500026408,9.41336499064558e-05,7.80119862753051e-05
17.615424894016,8.18344423598115e-05,6.83253851082478e-05
17.6548997853911,6.92454931303042e-05,5.84084902349506e-05
17.6943746767663,5.6425696481935e-05,4.8300712149623e-05
17.7383624871329,4.19411786923639e-05,3.68606124868241e-05
17.7823502974995,2.73268969807022e-05,2.52877831481954e-05
17.8263381078661,1.26658683111197e-05,1.36401239983769e-05
17.8703259182327,-1.95931157574499e-06,1.97890224848171e-06
17.9143137285993,-1.64669333671226e-05,-9.63101737038674e-06
17.9583015389659,-3.07766131625861e-05,-2.11216981292113e-05
18.0022893493325,-4.48097122158356e-05,-3.24233257182672e-05
18.0462771596991,-5.84897329344442e-05,-4.34658888524499e-05
18.0911291276295,-7.19982924191959e-05,-5.43878875763668e-05
18.1359810955598,-8.49875011458632e-05,-6.49009782610197e-05
18.1703849606348,-9.45538565622791e-05,-7.26482270490084e-05
18.2047888257099,-0.000103741339714871,-8.00918710270341e-05
18.2391926907849,-0.000112520461790601,-8.72085642227541e-05
18.2735965558599,-0.000120863242437993,-9.39772789778155e-05
18.3080004209349,-0.000128743306877291,-0.00010037920478404
18.3424042860099,-0.000136135979904386,-0.000106397526701983
18.3853212615535,-0.000144640152463031,-0.000113344491845266
18.428238237097,-0.000152310022992326,-0.000119644464587338
18.4711552126405,-0.00015910995493927,-0.000125273031556188
18.514072188184,-0.000165009212685829,-0.000130207287353136
18.5569891637276,-0.000169982112362077,-0.000134425579845047
18.5999061392711,-0.000174008144859038,-0.000137907682352968
18.6428231148146,-0.00017707205072192,-0.000140635361254824
18.6924947295359,-0.000179404167502977,-0.000142830462753664
18.7330767920662,-0.000180338239151391,-0.000143846238525082
18.7736588545966,-0.000180399762557898,-0.000144157056840164
18.8142409171269,-0.000179593989598835,-0.000143762587761863
18.8548229796572,-0.000177930288549159,-0.00014266751464147
18.8954050421875,-0.000175422065464511,-0.000140881635615656
18.9359871047178,-0.000172086675761855,-0.000138419684387298
18.9765691672481,-0.00016794533469978,-0.00013530086263424
19.0171512297784,-0.000163022998219448,-0.000131548197556522
19.0539161924238,-0.000157913212115075,-0.000127623057356511
19.0906811550692,-0.000152209560547976,-0.000123220114164989
19.1274461177146,-0.000145938001147361,-0.000118361527777578
19.1624205746208,-0.000139470404506024,-0.000113337634653988
19.197395031527,-0.000132540155586295,-0.000107942488514975
19.2323694884332,-0.000125174691165762,-0.000102196846240468
19.2673439453394,-0.000117402891347013,-9.61219189229661e-05
19.3023184022456,-0.000109254966806526,-8.97394550801963e-05
19.3372928591518,-0.000100762333598216,-8.30719086968313e-05
19.3736801198695,-9.15957237629788e-05,-7.58575596068863e-05
19.4100673805871,-8.21288563938177e-05,-6.83873992767179e-05
19.4464546413048,-7.2400366331165e-05,-6.06903026039892e-05
19.4828419020224,-6.2449671163957e-05,-5.27966075220969e-05
19.5192291627401,-5.2316809694724e-05,-4.47380828978539e-05
19.5556164234577,-4.20422785958189e-05,-3.65477927960648e-05
19.6004898473206,-2.92370189793352e-05,-2.63166480942143e-05
19.6453632711835,-1.63551093991097e-05,-1.60024987624729e-05
19.6902366950464,-3.47316033431088e-06,-5.67132081868535e-06
19.7351101189093,9.33279700076659e-06,4.61155564036379e-06
19.7799835427722,2.19877362766118e-05,1.47825384352831e-05
19.8248569666351,3.44180643233621e-05,2.47806293200866e-05
19.869730390498,4.65520574881219e-05,3.45479504536411e-05
19.9146038143608,5.83202735598137e-05,4.40299842319623e-05
19.9594772382237,6.96559485286686e-05,5.31755266106211e-05
20.0043506620866,8.04953973483956e-05,6.19363825870445e-05
20.0492240859495,9.07783833437435e-05,7.02669927924739e-05
20.0940975098124,0.000100448457634571,7.81241016318252e-05
20.1389709336753,0.000109453290084182,8.54665169637611e-05
20.1850093233582,0.00011795031457919,9.2423651200343e-05
20.231047713041,0.000125649996044517,9.87581834644831e-05
20.2770861027239,0.000132511047216982,0.000104433531425683
20.3144679858379,0.000137440308477974,0.000108534083259806
20.3488672647369,0.000141452807087419,0.00011189110676272
20.3832665436359,0.000144952406115708,0.000114838487753684
20.4176658225349,0.000147930122250281,0.000117367706838148
20.4520651014339,0.000150378831007327,0.000119472101468589
20.486464380333,0.000152293280057321,0.000121146928071367
20.520863659232,0.000153670092158777,0.000122389368429009
20.555262938131,0.000154507760862896,0.000123198484275601
20.58966221703,0.000154806645962724,0.000123575120817702
20.629390971782,0.000154484366340665,0.000123475301743736
20.6691197265341,0.000153452897819821,0.000122808397005454
20.7088484812861,0.000151721912793699,0.0001215831671012
20.7485772360382,0.000149304232545627,0.000119810489532651
20.7883059907902,0.000146215744978579,0.000117503146475744
20.8280347455423,0.00014247531439007,0.00011467567289721
20.8677635002943,0.000138104670024717,0.000111344292160791
20.9192970581703,0.000131536811289854,0.000106301869071288
20.9708306160463,0.000124009876055789,0.000100485452448318
21.0223641739222,0.0001155905767816,9.39438524826419e-05
21.0738977317982,0.00010635184191217,8.67315346410125e-05
21.1254312896741,9.63721886353489e-05,7.89087132582229e-05
21.1769648475501,8.57350724614104e-05,7.05410651156812e-05
21.228498405426,7.4528189935822e-05,6.16990922042368e-05
21.280031963302,6.28427869218607e-05,5.24571253537743e-05
21.331565521178,5.07729585438055e-05,4.28921242564014e-05
21.3741726983568,4.05719000824495e-05,3.47957435618314e-05
21.4167798755356,3.02288987442607e-05,2.6576641681786e-05
21.4593870527144,1.97994284061884e-05,1.82791114150422e-05
21.5019942298932,9.33902541687402e-06,9.94700522182168e-06
21.5374443176067,6.51982796395331e-07,3.01928998685533e-06
21.5728944053203,-7.98656895663982e-06,-3.87790788393802e-06
21.6083444930338,-1.65453755052412e-05,-1.07204099667799e-05
21.6437945807474,-2.49936496931866e-05,-1.74843819025874e-05
21.6792446684609,-3.33011791285778e-05,-2.41463559513307e-05
21.7146947561745,-4.14384411675577e-05,-3.0683225386909e-05
21.7613384382851,-5.18374612327687e-05,-3.90553517572856e-05
21.8079821203958,-6.18290132995854e-05,-4.71210162923867e-05
21.8546258025065,-7.13530449319027e-05,-5.48312371072445e-05
21.8934484635382,-7.88827119141813e-05,-6.09436808133899e-05
21.9322711245699,-8.60184824318433e-05,-6.67515019434173e-05
21.9710937856017,-9.27315605357329e-05,-7.22303567406202e-05
22.0099164466334,-9.89951563157796e-05,-7.73575269231005e-05
22.0487391076651,-0.000104784595247763,-8.21121145132416e-05
22.0875617686969,-0.000110077416451308,-8.6475200966785e-05
22.1263844297286,-0.000114853459921406,-9.04299496475783e-05
22.1652070907603,-0.000119094938808596,-9.39616645930853e-05
22.2052142102375,-0.000122890335719892,-9.71453110534807e-05
22.2452213297147,-0.000126087730007658,-9.98550624850221e-05
22.2852284491919,-0.00012867596740633,-0.000102081887172533
22.325235568669,-0.000130646791737099,-0.000103819013696231
22.3652426881462,-0.000131994873797766,-0.000105061844217831
22.4052498076234,-0.000132717829944888,-0.000105807885863598
22.4452569271006,-0.000132816209644979,-0.000106056735175912
22.4852640465778,-0.00013229348430069,-0.000105810054774273
22.5252711660549,-0.000131156023265883,-0.000105071573407865
22.5652782855321,-0.000129413031618212,-0.000103847157253669
22.6052854050093,-0.000127076494865379,-0.000102144853506746
22.6374384022645,-0.000124778338968626,-0.000100437243012314
22.6695913995196,-0.000122115120953995,-9.84339265419195e-05
22.7017443967748,-0.000119096764239535,-9.61422316951261e-05
22.7279317399044,-0.000116383583199368,-9.4068340166173e-05
22.754119083034,-0.000113448475079837,-9.18135159280566e-05
22.7803064261636,-0.000110298263018411,-8.93830601344624e-05
22.8064937692932,-0.000106940179248083,-8.67826424056992e-05
22.8326811124229,-0.000103381843145246,-8.4018293321488e-05
22.8588684555525,-9.96312449674196e-05,-8.10963824012795e-05
22.8932685520954,-9.44262920229991e-05,-7.70299246140567e-05
22.9276686486383,-8.89238079735967e-05,-7.27190186052322e-05
22.9620687451812,-8.31445176689084e-05,-6.8180328117155e-05
22.9964688417241,-7.71099994619227e-05,-6.34311747044727e-05
23.030868938267,-7.08426056730073e-05,-5.84894448897119e-05
23.0652690348099,-6.43653786522471e-05,-5.33735127997849e-05
23.1103427450045,-5.56003627687739e-05,-4.64379441816792e-05
23.1554164551992,-4.65702733001693e-05,-3.92786803727232e-05
23.2004901653938,-3.73308420338907e-05,-3.19396515004878e-05
23.2455638755884,-2.79386402133496e-05,-2.44654048853899e-05
23.2906375857831,-1.84507345209815e-05,-1.69009476078883e-05
23.3357112959777,-8.92433984539266e-06,-9.29160391482637e-06
23.3913484737695,2.80306598001099e-06,9.54113522185639e-08
23.4469856515613,1.43963028884396e-05,9.39634018767804e-06
23.502622829353,2.57515657131323e-05,1.85269242388622e-05
23.5487681295154,3.49168855162626e-05,2.59115364928477e-05
23.5949134296777,4.37938842651996e-05,3.30768198289182e-05
23.64105872984,5.23295044378635e-05,3.99791507465493e-05
23.6872040300023,6.04732199803954e-05,4.65770602831531e-05
23.7333493301646,6.81773507468443e-05,5.28315664249408e-05
23.7709016957236,7.40914805919964e-05,5.7642770442905e-05
23.8084540612826,7.96625725772123e-05,6.21844117014196e-05
23.8460064268416,8.48698436807131e-05,6.64397124589604e-05
23.8835587924005,8.96941460050613e-05,7.03932347259166e-05
23.9211111579595,9.41180408857647e-05,7.40309114385919e-05
23.9586635235185,9.81258656213675e-05,7.73400631515871e-05
24.0001920347494,0.000102056942177585,8.06035004739902e-05
24.0417205459803,0.000105446252286499,8.34381451332718e-05
24.0832490572113,0.000108280619616358,8.58328715117473e-05
24.1247775684422,0.000110549766141852,8.77787393242454e-05
24.1663060796731,0.000112246340201878,8.92690483854e-05
24.207834590904,0.000113365935463078,9.0299386823388e-05
24.249363102135,0.000113907084194303,9.08676913136679e-05
24.2997460314011,0.000113789330261853,9.0937501289229e-05
24.3501289606673,0.000112830778360058,9.03331480620151e-05
24.4005118899334,0.000111045865995107,8.9065093071612e-05
24.4508948191996,0.000108454990292974,8.71488511995934e-05
24.5012777484657,0.000105084312398019,8.46047481318095e-05
24.5516606777319,0.000100965503753757,8.1457640544423e-05
24.5935159468442,9.70012465853269e-05,7.84053883781133e-05
24.6353712159564,9.25698016892838e-05,7.49756403418084e-05
24.6772264850687,8.76971151461237e-05,7.11887546905984e-05
24.719081754181,8.24111795043886e-05,6.70666563376233e-05
24.7609370232933,7.67418933847192e-05,6.26326809711424e-05
24.8027922924056,7.07208842663416e-05,5.79114766501696e-05
24.841389500755,6.48854484408707e-05,5.33255221902148e-05
24.8799867091044,5.88061664839887e-05,4.85384058912282e-05
24.9185839174539,5.2510975206254e-05,4.35719692224443e-05
24.9571811258033,4.60285541846446e-05,3.84487101169254e-05
24.9957783341527,3.93882012056987e-05,3.31916854127226e-05
25.0343755425021,3.26197003241386e-05,2.78244262022227e-05
25.0757372983696,2.52584182735535e-05,2.19775655053303e-05
25.1170990542371,1.78219641608624e-05,1.60613508205925e-05
25.1584608101046,1.03478207113773e-05,1.01057163868636e-05
25.1998225659721,2.87339012980856e-06,4.14062224275041e-06
25.2411843218396,-4.56417373525148e-06,-1.80413429413943e-06
25.2825460777071,-1.19281431259061e-05,-7.69909768495256e-06
25.3239078335746,-1.91824135434034e-05,-1.35152900870712e-05
25.3652695894421,-2.62916649748544e-05,-1.92243821896249e-05
25.4045757643332,-3.28818808588375e-05,-2.45253973301253e-05
25.4438819392243,-3.92815249561748e-05,-2.96819333343444e-05
25.4831881141155,-4.54630605303397e-05,-3.4671909964647e-05
25.5224942890066,-5.14000937540696e-05,-3.94741488472429e-05
25.5618004638977,-5.70674976823018e-05,-4.40684280043508e-05
25.6011066387889,-6.24415128583533e-05,-4.84355497232709e-05
25.64041281368,-6.74998371621783e-05,-5.25574136202071e-05
25.6841140434292,-7.27279453727023e-05,-5.68316445981121e-05
25.7278152731783,-7.75140828135714e-05,-6.07602599639486e-05
25.7715165029274,-8.18347426686917e-05,-6.43237249488799e-05
25.8152177326766,-8.56691637749008e-05,-6.75046038824626e-05
25.8589189624257,-8.89994290732445e-05,-7.02876626357031e-05
25.9026201921749,-9.18105399677662e-05,-7.26599754583981e-05
25.946321421924,-9.40904813730396e-05,-7.46110087409645e-05
25.9992804074818,-9.61288742447305e-05,-7.63993521293308e-05
26.0522393930396,-9.73642410680434e-05,-7.75478461187366e-05
26.1051983785974,-9.77932762434596e-05,-7.80524542024464e-05
26.1581573641552,-9.74192861430876e-05,-7.79145179777764e-05
26.211116349713,-9.62521113113614e-05,-7.71406536125547e-05
26.2640753352708,-9.43080025172823e-05,-7.57426072260133e-05
26.3170343208286,-9.16094422835455e-05,-7.37370823523718e-05
26.3793171639384,-8.75093196666282e-05,-7.06304886782679e-05
26.4416000070482,-8.2461765105722e-05,-6.67564746670327e-05
26.5038828501581,-7.65333955266763e-05,-6.21661527856232e-05
26.5661656932679,-6.98001702651302e-05,-5.69182935640126e-05
26.6284485363777,-6.23464385807749e-05,-5.10786987475148e-05
26.6907313794876,-5.42638953722347e-05,-4.47194716728403e-05
26.7530142225974,-4.56504655811193e-05,-3.79181401997512e-05
26.8152970657072,-3.66091307907426e-05,-3.07566448377161e-05
26.877579908817,-2.72466982749006e-05,-2.33202670052097e-05
26.9279184990005,-1.95198693556615e-05,-1.71689432261447e-05
26.9782570891839,-1.17131376656255e-05,-1.09419747250641e-05
27.0285956793674,-3.88503218406155e-06,-4.68626545770549e-06
27.0789342695509,3.90624804325755e-06,1.55150282610215e-06
27.1292728597343,1.16032594146115e-05,7.72522696979864e-06
27.1796114499178,1.91497467465647e-05,1.37896890057529e-05
27.2299500401012,2.64910564298205e-05,1.97008596092546e-05
27.2802886302847,3.35745228928735e-05,2.54162125989925e-05
27.3313479021901,4.04443813829478e-05,3.09715273877006e-05
27.3824071740954,4.69476134810728e-05,3.62431056201874e-05
27.4334664460008,5.30378392452399e-05,4.11931154535049e-05
27.4845257179062,5.86722467861018e-05,4.57865133844805e-05
27.5269650499419,6.29804653359638e-05,4.93099779901362e-05
27.5694043819775,6.69265901049689e-05,5.25482766106453e-05
27.6118437140132,7.04924714843916e-05,5.54864234208244e-05
27.6542830460489,7.36621061108276e-05,5.81111494146142e-05
27.6967223780845,7.64216884870608e-05,6.04109901872192e-05
27.7391617101202,7.8759679836156e-05,6.2376297268838e-05
27.7732235518304,8.03248716061361e-05,6.37063133980396e-05
27.8072853935406,8.16088163772554e-05,6.48126036163175e-05
27.8413472352507,8.26088037531645e-05,6.56927864124965e-05
27.8754090769609,8.33231069129184e-05,6.63452512416296e-05
27.9094709186711,8.37509751301652e-05,6.67691712958639e-05
27.9435327603813,8.3892633068702e-05,6.69644928160319e-05
27.9775946020915,8.37492770640138e-05,6.69319220330717e-05
28.0149394826668,8.32672339609768e-05,6.66361460243304e-05
28.0522843632422,8.24493793871454e-05,6.60712114215853e-05
28.0821628131597,8.15567607798234e-05,6.54280088268464e-05
28.1120412630773,8.04560422652869e-05,6.46176120406887e-05
28.1419197129949,7.91511734458677e-05,6.36430042592589e-05
28.1717981629124,7.76465948974998e-05,6.25075637155439e-05
28.20167661283,7.59472405461576e-05,6.12150695595559e-05
28.2356533171737,7.37849898539146e-05,5.95597549786084e-05
28.2696300215173,7.13865578683568e-05,5.77134764147436e-05
28.303606725861,6.87614081110557e-05,5.56835767366615e-05
28.3375834302046,6.59196984908811e-05,5.34779740963196e-05
28.3715601345483,6.28722394543809e-05,5.11051236469564e-05
28.4055368388919,5.96304662837331e-05,4.85739859590835e-05
28.441590219897,5.59914840440474e-05,4.57255914339743e-05
28.477643600902,5.21622793804339e-05,4.27214325977407e-05
28.5136969819071,4.81585085770585e-05,3.95738420606772e-05
28.5497503629122,4.39963880530575e-05,3.62956078766838e-05
28.5858037439172,3.96926299784216e-05,3.28999230756156e-05
28.6218571249223,3.5264379597438e-05,2.9400329913921e-05
28.666195573644,2.96736890622714e-05,2.49745040508047e-05
28.7105340223657,2.39543793860505e-05,2.04387112126165e-05
28.7548724710874,1.81401088477552e-05,1.58196128825272e-05
28.7992109198091,1.22648221613925e-05,1.1144133887359e-05
28.8435493685308,6.36255690190185e-06,6.43931844088462e-06
28.8878878172525,4.67253503416929e-07,1.73218393348044e-06
28.97087395085,-1.04318991499441e-05,-6.99150067240913e-06
29.0325805265144,-1.83161324956615e-05,-1.33201739166707e-05
29.0828747472786,-2.45365809620787e-05,-1.8325057588731e-05
29.1331689680428,-3.05247920010326e-05,-2.31539086547378e-05
29.183463188807,-3.62386754480407e-05,-2.77727040477528e-05
29.2337574095712,-4.16384449796374e-05,-3.21491924280255e-05
29.2840516303354,-4.66869304106459e-05,-3.62531595565117e-05
29.3343458510996,-5.13498524337977e-05,-4.00566524030099e-05
29.3755353847999,-5.4859539676495e-05,-4.29298562769234e-05
29.4167249185002,-5.80741822632827e-05,-4.55716503620501e-05
29.4579144522005,-6.09798661050969e-05,-4.79705268157718e-05
29.4991039859009,-6.35642862294806e-05,-5.01162350723443e-05
29.5402935196012,-6.5816801286779e-05,-5.1999833689908e-05
29.5814830533015,-6.77284800257343e-05,-5.36137265755999e-05
29.6258789232174,-6.93990810181575e-05,-5.50441196134467e-05
29.6702747931334,-7.06586880770272e-05,-5.61479987697641e-05
29.7146706630493,-7.15030119776162e-05,-5.69212819744539e-05
29.7590665329652,-7.19301761194249e-05,-5.73618111840157e-05
29.8034624028812,-7.19407112039841e-05,-5.74693589772815e-05
29.8478582727971,-7.15375425578208e-05,-5.72456148442927e-05
29.892254142713,-7.07259536066528e-05,-5.66941762412387e-05
29.950572242948,-6.90522799238462e-05,-5.54812815598929e-05
30.008890343183,-6.67103101570633e-05,-5.37297354438336e-05
30.067208443418,-6.37295743278878e-05,-5.14619256987697e-05
30.125526543653,-6.01456650995861e-05,-4.8705202177204e-05
30.183844643888,-5.59998427271427e-05,-4.5491522077166e-05
30.242162744123,-5.13385719505679e-05,-4.18570899662598e-05
30.2902370542811,-4.71445614918425e-05,-3.85729354430405e-05
30.3383113644392,-4.26657649068765e-05,-3.50542335175283e-05
30.3863856745973,-3.79346697156084e-05,-3.13265919523188e-05
30.4344599847555,-3.29852132649252e-05,-2.74168581906853e-05
30.4825342949136,-2.78525555962474e-05,-2.33528982156771e-05
30.5306086050717,-2.25728237207297e-05,-1.91634123157744e-05
30.5786829152298,-1.71828353296422e-05,-1.48777418762544e-05
30.626757225388,-1.17198786023903e-05,-1.05256676608574e-05
30.6748315355461,-6.22145124457946e-06,-6.13720096564623e-06
30.7229058457042,-7.24986950371978e-07,-1.74237012571341e-06
30.7709801558623,4.73239692130027e-06,2.62900497603037e-06
30.8190544660205,1.01141462332386e-05,6.94751510279409e-06
30.8831842846155,1.71138796569467e-05,1.25763065836918e-05
30.9331730112459,2.23799650528702e-05,1.68205611556156e-05
30.9831617378764,2.74388279679978e-05,2.09063853863371e-05
31.0331504645069,3.22552998173887e-05,2.48052764956934e-05
31.0831391911374,3.67962720392876e-05,2.84903324133653e-05
31.1331279177679,4.10309199493946e-05,3.19364488610143e-05
31.1831166443984,4.49309244395691e-05,3.51204897072572e-05
31.2241278438844,4.78625424308925e-05,3.75221761604258e-05
31.2651390433704,5.05388980099326e-05,3.97228155215109e-05
31.3061502428565,5.29486218055781e-05,4.17129989484399e-05
31.3471614423425,5.50817323260693e-05,4.3484415093467e-05
31.3881726418286,5.69296760549986e-05,4.50298965595905e-05
31.4291838413146,5.84853639115895e-05,4.63434466217926e-05
31.4724418827779,5.98034097087193e-05,4.74723382065241e-05
31.5156999242412,6.07853212723887e-05,4.83336677822284e-05
31.5589579657045,6.14282152245791e-05,4.89247376356363e-05
31.6022160071678,6.17310792873468e-05,4.92443515303058e-05
31.6454740486311,6.16947614291043e-05,4.92928115854859e-05
31.6887320900945,6.13219566208526e-05,4.90718946119973e-05
31.7319901315578,6.06171750329724e-05,4.858483438986e-05
31.7888066433869,5.91979007857035e-05,4.75487741420915e-05
31.8456231552161,5.72357026668406e-05,4.60759346417717e-05
31.9024396670453,5.4754251514017e-05,4.41844082685499e-05
31.9592561788744,5.17818486014535e-05,4.18960341368129e-05
32.0160726907036,4.83511230582387e-05,3.9236138516953e-05
32.0728892025328,4.44986885199363e-05,3.62332576737295e-05
32.1297057143619,4.02647456007792e-05,3.29188711671032e-05
32.1865222261911,3.56926818162909e-05,2.93270580296162e-05
32.2433387380203,3.08286420935981e-05,2.54941391596957e-05
32.3001552498495,2.57210479281526e-05,2.14583580946219e-05
32.3569717616786,2.04201361274415e-05,1.7259481148575e-05
32.4137882735078,1.49774886361431e-05,1.29383815697904e-05
32.470604785337,9.44550849279576e-06,8.53670193958669e-06
32.5233261814839,4.27837909667493e-06,4.41685028507141e-06
32.5760475776309,-8.78229658741541e-07,2.97263610063373e-07
32.6287689737778,-5.98272460003282e-06,-3.78881511807528e-06
32.6814903699248,-1.09942955981608e-05,-7.80869501010191e-06
32.7342117660717,-1.58732315060873e-05,-1.17305275747635e-05
32.7869331622187,-2.05812434446446e-05,-1.55235181691958e-05
32.8396545583657,-2.50817554180337e-05,-1.91581549999482e-05
32.8923759545126,-2.93401695899611e-05,-2.26064551498098e-05
32.9450973506596,-3.33241379136839e-05,-2.58421615497497e-05
32.9881333048256,-3.6351888653099e-05,-2.83088275303667e-05
33.0311692589916,-3.91619141321953e-05,-3.06053832476251e-05
33.0742052131576,-4.17405882203028e-05,-3.27206261993491e-05
33.1172411673236,-4.40756212058635e-05,-3.46443937536216e-05
33.1602771214896,-4.61561166911684e-05,-3.63676278525161e-05
33.2033130756557,-4.79726266360453e-05,-3.78824169997546e-05
33.2626974922641,-5.0031274111479e-05,-3.96181328925938e-05
33.3220819088725,-5.15562038637809e-05,-4.09303956575862e-05
33.381466325481,-5.25369139400278e-05,-4.18097717410976e-05
33.4408507420894,-5.29685872907381e-05,-4.22513421072436e-05
33.5002351586978,-5.28520864625843e-05,-4.2254717460595e-05
33.5596195753063,-5.21938914956621e-05,-4.18240192013675e-05
33.6190039919147,-5.10059917779312e-05,-4.09677882735561e-05
33.6941032473687,-4.87727379843782e-05,-3.92960490900686e-05
33.7692025028227,-4.57670787390879e-05,-3.69999784965775e-05
33.8443017582766,-4.20477940454737e-05,-3.41248147795437e-05
33.9194010137306,-3.76846870250413e-05,-3.07247955797384e-05
33.9795556425537,-3.3778721428474e-05,-2.76644940474324e-05
34.0397102713769,-2.95553374990076e-05,-2.43425115807623e-05
34.0998649002,-2.50622385830844e-05,-2.07965249352275e-05
34.1600195290231,-2.03495136624514e-05,-1.70662365848026e-05
34.2201741578463,-1.54690880725725e-05,-1.31929079762935e-05
34.2803287866694,-1.04741536722548e-05,-9.2188889012274e-06
34.3404834154925,-5.41857705611772e-06,-5.18718596024658e-06
34.4006380443156,-3.56329589965729e-07,-1.14099178371057e-06
34.47266335362,5.63880404236908e-06,3.66270322119195e-06
34.5446886629243,1.14771100702846e-05,8.35352768705406e-06
34.5985043750629,1.56850870167488e-05,1.17428606152998e-05
34.6523200872014,1.9722798197225e-05,1.50024077133537e-05
34.70613579934,2.35576915635204e-05,1.81057922710643e-05
34.7599515114785,2.71591891839562e-05,2.10281641318226e-05
34.8137672236171,3.04989472084871e-05,2.3746437410373e-05
34.8675829357556,3.35511055551174e-05,2.62394819365677e-05
34.9109006576474,3.57831059043561e-05,2.80695976994442e-05
34.9542183795392,3.78029363877502e-05,2.97325693494124e-05
34.997536101431,3.96010873206832e-05,3.12205176851553e-05
35.0408538233228,4.11693301954264e-05,3.25265740147909e-05
35.0841715452146,4.25007543585199e-05,3.36449258977508e-05
35.1274892671063,4.35898001385723e-05,3.45708396850323e-05
35.1749295830163,4.44994926913332e-05,3.53598161969276e-05
35.2223698989263,4.51098776121063e-05,3.59103772599986e-05
35.2698102148363,4.54193529008991e-05,3.62208446123415e-05
35.3172505307463,4.54283032746452e-05,3.62911289160712e-05
35.3646908466563,4.51390780188473e-05,3.61227241000181e-05
35.4121311625663,4.45559647746518e-05,3.5718676121411e-05
35.4595714784763,4.36851444514849e-05,3.50835508191095e-05
35.5159272225066,4.22879617148103e-05,3.40372116604812e-05
35.5722829665369,4.05128344869303e-05,3.26861078714118e-05
35.6286387105672,3.83797658755626e-05,3.10456421482901e-05
35.6849944545975,3.59118644962737e-05,2.91337458586554e-05
35.7413501986279,3.31351084167729e-05,2.69706739340898e-05
35.7977059426582,3.00780833438785e-05,2.45787858726797e-05
35.8540616866885,2.6771681147461e-05,2.19823436307947e-05
35.9104174307188,2.32488008219169e-05,1.92072552123574e-05
35.9667731747491,1.95440339663661e-05,1.62808071125281e-05
36.0231289187795,1.56933122017697e-05,1.32314353459026e-05
36.0794846628098,1.17335720609929e-05,1.00884391235126e-05
36.1358404068401,7.70242009114506e-06,6.88167787991943e-06
36.1921961508704,3.63775736836808e-06,3.64133558254332e-06
36.2492072846283,-4.69629878936131e-07,3.59985924192189e-07
36.3062184183862,-4.53380506043326e-06,-2.89382986565897e-06
36.3632295521441,-8.51674537850353e-06,-6.08963901988861e-06
36.420240685902,-1.23815612548334e-05,-9.19779493974983e-06
36.4772518196599,-1.60928219517062e-05,-1.21897793794109e-05
36.5342629534178,-1.96168816226164e-05,-1.50384312222178e-05
36.5813524897545,-2.23639762469434e-05,-1.72650176252493e-05
36.6284420260912,-2.49451905381743e-05,-1.93628655490331e-05
36.6755315624279,-2.73451426281512e-05,-2.13194276111779e-05
36.7226210987646,-2.95497331906972e-05,-2.31231461008769e-05
36.7697106351013,-3.15462255487013e-05,-2.47635393556979e-05
36.816800171438,-3.33233244181739e-05,-2.62312608504613e-05
36.8723830046117,-3.51253649113656e-05,-2.77304493275167e-05
36.9279658377855,-3.65948505155973e-05,-2.89665278321212e-05
36.9835486709592,-3.77215876063906e-05,-2.99307426239702e-05
37.0391315041329,-3.84985565084947e-05,-3.06168536190843e-05
37.0947143373067,-3.8921940307771e-05,-3.10211816691366e-05
37.1502971704804,-3.8991135695836e-05,-3.11426207858883e-05
37.2058800036542,-3.87087372963637e-05,-3.09826174850718e-05
37.2631679445728,-3.8055826074766e-05,-3.05273987368839e-05
37.3204558854915,-3.70452107506553e-05,-2.97845229752598e-05
37.3777438264102,-3.56899118162866e-05,-2.87637525018455e-05
37.4350317673289,-3.40061251151498e-05,-2.74774278223239e-05
37.4923197082475,-3.20130379571277e-05,-2.59403300285534e-05
37.5496076491662,-2.97326279165044e-05,-2.41694994736965e-05
37.6068955900849,-2.71894180054407e-05,-2.21840697764652e-05
37.6742393392812,-2.3900156719644e-05,-1.96042908996002e-05
37.7415830884775,-2.03319336173403e-05,-1.67941473327756e-05
37.8089268376738,-1.65349893849566e-05,-1.37933421118717e-05
37.8625056923988,-1.3385774053e-05,-1.12974840886727e-05
37.9160845471239,-1.01524767811308e-05,-8.72913727222528e-06
37.9696634018489,-6.86292600458412e-06,-6.11048064998074e-06
38.023242256574,-3.54516974857644e-06,-3.46393726715405e-06
38.076821111299,-2.27255662984237e-07,-8.11941847921397e-07
38.130399966024,3.06301695023503e-06,1.82322927396311e-06
38.1767210868647,5.86428058548514e-06,4.07097409623386e-06
38.2230422077053,8.60723567925848e-06,6.27586177783551e-06
38.2693633285459,1.12751424920406e-05,8.42439871353692e-06
38.3156844493865,1.38518637536275e-05,1.0503539769167e-05
38.3620055702272,1.63219602209136e-05,1.25007871320302e-05
38.4083266910678,1.86707833984961e-05,1.44042607690119e-05
38.4648444630363,2.13524664851056e-05,1.65835108527904e-05
38.5213622350049,2.3810098646754e-05,1.85876911744386e-05
38.5778800069734,2.60229017958189e-05,2.03997935027416e-05
38.6243548612496,2.7646080875261e-05,2.17353089662722e-05
38.6708297155258,2.90824534176838e-05,2.29234221491099e-05
38.7173045698019,3.03244316826937e-05,2.39578036397718e-05
38.7637794240781,3.13657086960197e-05,2.48331353656456e-05
38.8102542783543,3.22012903707972e-05,2.55451477393135e-05
38.8567291326305,3.2827518886744e-05,2.60906435795438e-05
38.9099603101807,3.32846546858851e-05,2.65081802559443e-05
38.9631914877309,3.34628692101986e-05,2.67030881692967e-05
39.0164226652812,3.33631922557664e-05,2.66757712875987e-05
39.0696538428314,3.29889350793537e-05,2.64284654928649e-05
39.1228850203816,3.23456435656855e-05,2.59652020707289e-05
39.1761161979319,3.14410345455392e-05,2.52917563126965e-05
39.2293473754821,3.02849089049773e-05,2.44155889065155e-05
39.2876260361143,2.87447326922106e-05,2.32346336325986e-05
39.3459046967465,2.69352804105015e-05,2.18355262849652e-05
39.4041833573787,2.48770661021305e-05,2.02342313315516e-05
39.4624620180108,2.2592857174559e-05,1.84485481106194e-05
39.520740678643,2.01074329178401e-05,1.64979085722427e-05
39.5790193392752,1.74473119178216e-05,1.44031871496578e-05
39.6372979999074,1.46404754665272e-05,1.21864776863828e-05
39.6955766605396,1.17160862504133e-05,9.87084718868978e-06
39.7549529536058,8.64680881100088e-06,7.43452822624702e-06
39.8143292466719,5.51905332899802e-06,4.94600043172327e-06
39.8737055397381,2.36547463433783e-06,2.43126565201776e-06
39.9330818328042,-7.81333919113332e-07,-8.36573561068489e-08
39.9924581258704,-3.88917634364971e-06,-2.57299162243239e-06
40.0518344189366,-6.92655952864476e-06,-5.01149788491969e-06
40.1112107120027,-9.86302318270956e-06,-7.37469704151095e-06
40.1637403881727,-1.23533742157343e-05,-9.38375534088078e-06
40.2162700643427,-1.47227963358382e-05,-1.13000196620739e-05
40.2687997405127,-1.69532985677422e-05,-1.31089091500753e-05
40.3104269217944,-1.86111067290646e-05,-1.4457065883105e-05
40.3520541030761,-2.01634510800226e-05,-1.57229382386252e-05
40.3936812843578,-2.16032093465339e-05,-1.69006987047699e-05
40.4353084656395,-2.2923880758817e-05,-1.79849910960832e-05
40.4769356469211,-2.41196057062021e-05,-1.89709762849079e-05
40.5185628282028,-2.51851952805426e-05,-1.98543458887467e-05
40.5601900094845,-2.61161577648881e-05,-2.06313295496009e-05
40.6018171907662,-2.69087093115207e-05,-2.1298723124977e-05
40.6496152679829,-2.76441158613781e-05,-2.19265177585393e-05
40.6974133451996,-2.81895907924623e-05,-2.24033443502274e-05
40.7452114224163,-2.85429910147449e-05,-2.27271988611968e-05
40.793009499633,-2.87034670796414e-05,-2.28971186443318e-05
40.8408075768497,-2.86714637753894e-05,-2.29131694743694e-05
40.8886056540664,-2.84487055978463e-05,-2.27764387691636e-05
40.9468996758448,-2.79232710479208e-05,-2.24060312633826e-05
41.0051936976232,-2.71264860040251e-05,-2.18173553268175e-05
41.0634877194017,-2.60688440151409e-05,-2.10182928863458e-05
41.1217817411801,-2.47633138353498e-05,-2.0018756559794e-05
41.1800757629585,-2.32251959848075e-05,-1.88305601610795e-05
41.238369784737,-2.14719588168173e-05,-1.74672678545772e-05
41.2966638065154,-1.95230276748102e-05,-1.59440758400289e-05
41.3549578282938,-1.73995817100756e-05,-1.42776253586781e-05
41.4132518500722,-1.51243405176432e-05,-1.24857936498693e-05
41.4715458718507,-1.27213008669025e-05,-1.0587550529358e-05
41.5298398936291,-1.02154926160523e-05,-8.60274766708561e-06
41.5775274704563,-8.10720895030254e-06,-6.92900184692771e-06
41.6252150472835,-5.96182401327325e-06,-5.22249763619232e-06
41.6729026241106,-3.79386715019572e-06,-3.4948351582983e-06
41.7146861727302,-1.88725007075477e-06,-1.97284358274384e-06
41.7564697213498,1.57455630530229e-08,-4.51355890488176e-07
41.7982532699694,1.90544347552721e-06,1.06185833782209e-06
41.840036818589,3.77229603558563e-06,2.55913600057448e-06
41.8818203672086,5.6069426401652e-06,4.03294501528862e-06
41.9236039158282,7.40025588416348e-06,5.47592246064337e-06
41.9688473544541,9.28520230163479e-06,6.99534643506865e-06
42.0140907930801,1.11004886004036e-05,8.46149992444461e-06
42.0593342317061,1.28357947704687e-05,9.86601515327809e-06
42.104577670332,1.44813558498282e-05,1.12009649654399e-05
42.149821108958,1.60280177257004e-05,1.24589021477168e-05
42.1950645475839,1.74672894963055e-05,1.36328933985383e-05
42.2426393405549,1.88563622762146e-05,1.47698471075951e-05
42.2902141335259,2.01099317285049e-05,1.58002283186582e-05
42.3377889264969,2.12207995871861e-05,1.67180845440415e-05
42.3853637194679,2.21827683926835e-05,1.75182563736743e-05
42.4329385124389,2.29906734546112e-05,1.81964051889535e-05
42.4805133054099,2.36404100138443e-05,1.87490309866955e-05
42.5286837852202,2.41340339889909e-05,1.91779881546926e-05
42.5768542650306,2.44603938651985e-05,1.94737202231336e-05
42.6250247448409,2.46186364069689e-05,1.96353023509585e-05
42.6731952246512,2.46090502141782e-05,1.96627296812506e-05
42.7213657044615,2.44330538319358e-05,1.95569104373846e-05
42.7695361842719,2.40931827098335e-05,1.93196430961809e-05
42.8177066640822,2.35930582145176e-05,1.89536063615489e-05
42.88367581529,2.26568156424804e-05,1.82499636331646e-05
42.9496449664978,2.1443988064257e-05,1.73230646365942e-05
43.0156141177055,1.99729830301777e-05,1.61871116076579e-05
43.0815832689133,1.82652598313576e-05,1.48588000866498e-05
43.1475524201211,1.63450373983905e-05,1.33570535949012e-05
43.2135215713289,1.42389581787269e-05,1.17027643006447e-05
43.2794907225366,1.19757091028649e-05,9.91854190000488e-06
43.3454598737444,9.58565425304608e-06,8.02837679840276e-06
43.4162181807297,6.91717968991371e-06,5.91176796922969e-06
43.475486400581,4.62695850276746e-06,4.09043388669192e-06
43.5347546204324,2.31192425440804e-06,2.24519505593143e-06
43.5940228402837,-4.01635877328906e-09,3.95149346043541e-07
43.653291060135,-2.29717059639447e-06,-1.4407517974888e-06
43.7125592799864,-4.54431785049847e-06,-3.24389710534967e-06
43.7718274998377,-6.72294180763783e-06,-4.99620195362923e-06
43.8369867295514,-9.01332961833898e-06,-6.84330854780658e-06
43.9021459592651,-1.11677148576293e-05,-8.5860726679227e-06
43.9673051889788,-1.31609501874901e-05,-1.02041031045706e-05
44.0324644186924,-1.49701506074105e-05,-1.16787602586327e-05
44.0854036764451,-1.6290393172544e-05,-1.27597100907205e-05
44.1383429341978,-1.7466059167483e-05,-1.37270660045677e-05
44.1912821919505,-1.84888196764245e-05,-1.45739078689428e-05
44.2442214497032,-1.93516587857994e-05,-1.52943505298605e-05
44.2971607074559,-2.00489230077937e-05,-1.58835989843232e-05
44.3500999652086,-2.05763606300277e-05,-1.63379818218432e-05
44.4084369925081,-2.09575469289252e-05,-1.66795108624025e-05
44.4667740198076,-2.11273368580121e-05,-1.68524529612328e-05
44.525111047107,-2.10860826901658e-05,-1.6856705414669e-05
44.5834480744065,-2.08362206065369e-05,-1.66938363928543e-05
44.641785101706,-2.03822277631909e-05,-1.63670554462423e-05
44.7001221290055,-1.97305666848217e-05,-1.58811584027448e-05
44.758459156305,-1.8889596181575e-05,-1.52424802329994e-05
44.8259504419335,-1.76938796660196e-05,-1.4323258264892e-05
44.8934417275621,-1.62769556129893e-05,-1.32243435990298e-05
44.9609330131906,-1.46600749725626e-05,-1.19622928233808e-05
45.0284242988192,-1.28668987802692e-05,-1.05556691397838e-05
45.0959155844477,-1.09231732147202e-05,-9.0247416901656e-06
45.1634068700763,-8.85635495953043e-06,-7.39121416077072e-06
45.2220517723752,-6.98281942547772e-06,-5.90619437838611e-06
45.2806966746741,-5.05752021536899e-06,-4.37640440610922e-06
45.3393415769729,-3.10025811889282e-06,-2.8176375949497e-06
45.3979864792718,-1.13096931582329e-06,-1.24581705155462e-06
45.4566313815707,8.30482899981467e-07,3.23178384404486e-07
45.5152762838696,2.76451451206746e-06,1.87365396655777e-06
45.592238984863,5.22913928238301e-06,3.85468280824944e-06
45.6692016858565,7.57227335455699e-06,5.7440403399994e-06
45.7308392917267,9.33492156035646e-06,7.16981524174895e-06
45.7924768975968,1.09762045138006e-05,8.50161436820286e-06
45.854114503467,1.24792284901251e-05,9.72566131869196e-06
45.9157521093372,1.38287840897015e-05,1.08294946456921e-05
45.9773897152073,1.50115083947221e-05,1.18021153533142e-05
46.0390273210775,1.60160265277222e-05,1.26341115599467e-05
46.102177162789,1.68506714936483e-05,1.33326076080774e-05
46.1653270045006,1.74809011429588e-05,1.38689517277524e-05
46.2284768462121,1.79015676205253e-05,1.42386370870571e-05
46.2916266879236,1.81100014519679e-05,1.44391407766117e-05
46.3547765296352,1.81060186118219e-05,1.44699287892584e-05
46.4179263713467,1.78919085537241e-05,1.43324320125278e-05
46.4810762130582,1.74723692458247e-05,1.40300376706357e-05
46.5449728085399,1.68459725251285e-05,1.35616201587633e-05
46.6088694040216,1.60260774563024e-05,1.29370747079658e-05
46.6727659995033,1.50244855499193e-05,1.21654865735753e-05
46.736662594985,1.38550229477337e-05,1.1257602775566e-05
46.8005591904666,1.25333763142926e-05,1.02256471366218e-05
46.8644557859483,1.10768630545887e-05,9.08320257706592e-06
46.9230145229975,9.63955234470114e-06,7.95174073809244e-06
46.9815732600467,8.11997666110837e-06,6.75192052557573e-06
47.0401319970959,6.5341033055449e-06,5.49639368248686e-06
47.0986907341451,4.89840492029626e-06,4.19824298360183e-06
47.1572494711943,3.22969740272367e-06,2.8708207840756e-06
47.2158082082435,1.54495656946615e-06,1.52764129913781e-06
47.2887745553972,-5.51081778232262e-07,-1.4757808432787e-07
47.3617409025509,-2.61328562822476e-06,-1.80032229636009e-06
47.4347072497046,-4.61013786593302e-06,-3.4052983875203e-06
47.5076735968583,-6.51153312128342e-06,-4.93823755927288e-06
47.580639944012,-8.28920966058564e-06,-6.37628302942222e-06
47.6536062911657,-9.91715311787428e-06,-7.69832911256833e-06
47.7105747551409,-1.10688845180989e-05,-8.63750726919403e-06
47.7675432191161,-1.21051308826389e-05,-9.4862252224094e-06
47.8245116830913,-1.30171960770459e-05,-1.02373156438818e-05
47.8814801470665,-1.37976295178979e-05,-1.08845833614595e-05
47.9384486110417,-1.44402884999274e-05,-1.1422876769399e-05
47.995417075017,-1.49403910353495e-05,-1.18481319504421e-05
48.0661564790871,-1.53579970681731e-05,-1.22145182006938e-05
48.1368958831572,-1.55472095848637e-05,-1.23988943034004e-05
48.2076352872273,-1.55079448835455e-05,-1.24006819522533e-05
48.2783746912974,-1.52434406375736e-05,-1.22219580754693e-05
48.3491140953676,-1.47601702616242e-05,-1.18674069155311e-05
48.4198534994377,-1.40677183589582e-05,-1.13442275083409e-05
48.4905929035078,-1.31786031939201e-05,-1.06620082881232e-05
48.5705889585775,-1.19554516743933e-05,-9.71381458707193e-06
48.6505850136472,-1.05261653970249e-05,-8.59749717603947e-06
48.730581068717,-8.92005155659091e-06,-7.33603002353475e-06
48.8105771237867,-7.16931747924632e-06,-5.95478876198206e-06
48.8905731788564,-5.30844093511129e-06,-4.48104062035776e-06
48.9705692339262,-3.37349260961841e-06,-2.94343248814455e-06
49.0505652889959,-1.40144007640458e-06,-1.37144335279511e-06
49.1305613440656,5.70540367632676e-07,2.05211748878211e-07
49.2105573991353,2.50576662930252e-06,1.75713281918764e-06
49.2884101577042,4.32008325844977e-06,3.21656616065058e-06
49.366262916273,6.03490043123428e-06,4.60047775686337e-06
49.4441156748419,7.62126595177514e-06,5.88544108605692e-06
49.5041542479123,8.74017675725799e-06,6.795218785191e-06
49.5641928209827,9.75615040807527e-06,7.62456903971647e-06
49.6242313940531,1.06595653804471e-05,8.36559156146641e-06
49.6842699671235,1.14420645464915e-05,9.01136884535133e-06
49.7443085401939,1.2096636162107e-05,9.55605890699218e-06
49.8043471132643,1.26176856299112e-05,9.99495428262261e-06
49.8655463259885,1.30071107057012e-05,1.03297997317089e-05
49.9267455387126,1.32507202358408e-05,1.05485818368991e-05
49.9879447514368,1.33473530178284e-05,1.06501026154184e-05
50.049143964161,1.32974583971733e-05,1.06344539582207e-05
50.1103431768851,1.3103072519789e-05,1.05030115640665e-05
50.1715423896093,1.27677900165917e-05,1.02583939466653e-05
50.2327416023335,1.22967041219616e-05,9.90443065647358e-06
50.310038651091,1.15178851589382e-05,9.30894927333748e-06
50.3873356998485,1.05490939614335e-05,8.55954052885503e-06
50.4646327486061,9.40959872101514e-06,7.67116563349115e-06
50.5419297973636,8.12136678381496e-06,6.66103184711208e-06
50.6192268461212,6.70866509790237e-06,5.54823876899868e-06
50.6965238948787,5.1976156005894e-06,4.35341319422022e-06
50.7594283711381,3.91432883577107e-06,3.33558842389214e-06
50.8223328473976,2.59935590835443e-06,2.29000163437481e-06
50.885237323657,1.26817021511348e-06,1.22896493665429e-06
50.9481417999164,-6.37400088308178e-08,1.64858275871312e-07
51.0110462761758,-1.3810321626376e-06,-8.90047752994205e-07
51.0739507524353,-2.66868272325577e-06,-1.92373440332944e-06
51.1320348020145,-3.81877463436938e-06,-2.84925238564675e-06
51.1901188515937,-4.92029274492665e-06,-3.73789099880125e-06
51.2482029011729,-5.96287595101846e-06,-4.58128202734824e-06
51.3062869507521,-6.93684618136739e-06,-5.37156913929664e-06
51.3643710003313,-7.8332969475048e-06,-6.10149134861305e-06
51.4224550499105,-8.64416447292906e-06,-6.76446279196459e-06
51.4891389984684,-9.46037062385349e-06,-7.43548085298429e-06
51.5558229470263,-1.01451867598625e-05,-8.00290886515393e-06
51.6225068955841,-1.06911930442445e-05,-8.4605516708965e-06
51.689190844142,-1.10928500173828e-05,-8.80370728324182e-06
51.743955400055,-1.1312159328535e-05,-8.99762431063376e-06
51.7987199559679,-1.1430628247652e-05,-9.11118125723034e-06
51.8534845118808,-1.14481363237568e-05,-9.14410003888666e-06
51.9082490677937,-1.13654464888119e-05,-9.09680159367339e-06
51.9630136237067,-1.11841871596912e-05,-8.97041393606415e-06
52.0177781796196,-1.09068333581303e-05,-8.76675544091616e-06
52.0944343224659,-1.03636352343551e-05,-8.35675792027385e-06
52.1710904653122,-9.65031269975771e-06,-7.80920663665294e-06
52.2477466081585,-8.7812048614187e-06,-7.1352104800627e-06
52.3244027510048,-7.77313320341712e-06,-6.34787977872291e-06
52.4010588938511,-6.6450798739987e-06,-5.46208745857348e-06
52.4777150366974,-5.4178343026651e-06,-4.49420958445549e-06
52.5543711795437,-4.11361997472017e-06,-3.4618234732129e-06
52.6353048500048,-2.67881869127095e-06,-2.3222378289857e-06
52.7162385204658,-1.21226291944779e-06,-1.15372004449234e-06
52.7971721909269,2.57704965380216e-07,2.10952394623953e-08
52.878105861388,1.70305640715735e-06,1.17976039907197e-06
52.9590395318491,3.09661290028701e-06,2.30042398563683e-06
53.0399732023101,4.41254539297958e-06,3.36225317469202e-06
53.1209068727712,5.62684710278621e-06,4.34582394481145e-06
53.2054950102303,6.76380414796816e-06,5.2710153700943e-06
53.2900831476893,7.74428232123495e-06,6.07368003027892e-06
53.3746712851484,8.55010149212687e-06,6.73888277108213e-06
53.4592594226075,9.16697558823224e-06,7.25473558444026e-06
53.5438475600665,9.58474608616971e-06,7.61261309276062e-06
53.6284356975256,9.79752652426665e-06,7.80730588894034e-06
53.7130238349847,9.80378185458569e-06,7.83705481136444e-06
53.7976119724437,9.60628990619569e-06,7.70356217890002e-06
53.8826534074496,9.20938329446151e-06,7.40995612383943e-06
53.9676948424554,8.62472089930878e-06,6.96495086879914e-06
54.0527362774613,7.86723563805741e-06,6.38001948992953e-06
54.121408080391,7.14185840175125e-06,5.81522697844668e-06
54.1900798833207,6.32678908287187e-06,5.17712158912747e-06
54.2587516862504,5.43422944761797e-06,4.47527915362807e-06
54.3258437377983,4.49992824236988e-06,3.73794231090948e-06
54.3929357893463,3.5170909738256e-06,2.95986611799424e-06
54.4600278408942,2.49913033812098e-06,2.15170147657898e-06
54.5271198924422,1.45976485866216e-06,1.32437526753743e-06
54.5942119439901,4.12841834231143e-07,4.88924081854064e-07
54.6613039955381,-6.27846644805989e-07,-3.43641292620045e-07
54.7493288426622,-1.96117245838181e-06,-1.4134779294797e-06
54.8373536897862,-3.23101986120666e-06,-2.43601412807011e-06
54.9253785369103,-4.40973263067038e-06,-3.3889335149985e-06
54.9939650088741,-5.24867131858145e-06,-4.06994622522576e-06
55.0625514808379,-6.00625552692541e-06,-4.68754984865011e-06
55.1311379528017,-6.67306219498054e-06,-5.23401179876251e-06
55.1997244247655,-7.24099673240767e-06,-5.70264005659038e-06
55.2683108967293,-7.70340154663489e-06,-6.08789345545098e-06
55.3368973686931,-8.05514206490558e-06,-6.38545627370727e-06
55.4135893575225,-8.3130652780935e-06,-6.61063058303466e-06
55.490281346352,-8.42560668357922e-06,-6.7199963256625e-06
55.5669733351815,-8.39269532535509e-06,-6.7131317381422e-06
55.6436653240109,-8.21673948659366e-06,-6.59159156836334e-06
55.7203573128404,-7.90255651387883e-06,-6.35887697788368e-06
55.7970493016698,-7.45727086429425e-06,-6.02036126094793e-06
55.8737412904993,-6.89015348316042e-06,-5.58319833403611e-06
55.9535893580012,-6.18236373210253e-06,-5.03267649814128e-06
56.033437425503,-5.3694005460744e-06,-4.39621518884296e-06
56.1132854930049,-4.46771434705979e-06,-3.68672927400294e-06
56.1931335605067,-3.49517695004401e-06,-2.9183154187387e-06
56.2729816280086,-2.47075006872259e-06,-2.10595803511135e-06
56.3528296955104,-1.41410047444943e-06,-1.26528970458411e-06
56.4326777630123,-3.45208531711397e-07,-4.12268604011106e-07
56.5125258305141,7.159576195942e-07,4.37116610148804e-07
56.5923738980159,1.74982999942646e-06,1.26713441416463e-06
56.6722219655178,2.73761079628634e-06,2.06264031164622e-06
56.7520700330196,3.66160394749468e-06,2.80938117443846e-06
56.8319181005215,4.50553455849315e-06,3.49420802862142e-06
56.8974607090671,5.12811997766697e-06,4.00169783833193e-06
56.9630033176127,5.67980955214139e-06,4.45366581819714e-06
57.0285459261583,6.1544850914946e-06,4.84504665791879e-06
57.0940885347039,6.54705389369943e-06,5.17156909103495e-06
57.1596311432495,6.85349964471579e-06,5.42983445864466e-06
57.225173751795,7.07092784820836e-06,5.61735649834719e-06
57.2941657058436,7.20172208250746e-06,5.73663005045368e-06
57.3631576598922,7.23129498517754e-06,5.77511160279192e-06
57.4321496139408,7.16040359976838e-06,5.73321280041298e-06
57.5011415679893,6.99118522217229e-06,5.61243876130326e-06
57.5701335220379,6.72710755406091e-06,5.41536553139311e-06
57.6391254760865,6.37291478444046e-06,5.14558488427055e-06
57.708117430135,5.93454470229415e-06,4.80765461362088e-06
57.7939174614384,5.28263347483483e-06,4.3006289415374e-06
57.8797174927418,4.52710016582189e-06,3.70890426034571e-06
57.9655175240452,3.68557295208278e-06,3.04631442562409e-06
58.0513175553486,2.77725133861638e-06,2.32804839215939e-06
58.137117586652,1.82248741895484e-06,1.57027204137602e-06
58.2229176179554,8.42346591465621e-07,7.89734956006758e-07
58.3087176492588,-1.41875421455801e-07,3.43890868849033e-09
58.3954506211521,-1.11946683500257e-06,-7.80090415438141e-07
58.4821835930454,-2.0586076659474e-06,-1.53540362426207e-06
58.5689165649387,-2.93933478838006e-06,-2.24639435137185e-06
58.6410077890285,-3.61363588017562e-06,-2.79285310164939e-06
58.7130990131183,-4.22527122679539e-06,-3.2905915276884e-06
58.7851902372081,-4.76575983817436e-06,-3.73266837695449e-06
58.8572814612979,-5.22778645547448e-06,-4.11305338514085e-06
58.9293726853877,-5.60529701189505e-06,-4.42673623906448e-06
59.0014639094775,-5.89359140668687e-06,-4.66977861204375e-06
59.0735551335673,-6.08937900180579e-06,-4.83935607727518e-06
59.1456463576571,-6.19080228459012e-06,-4.9337926419477e-06
59.2177375817469,-6.19745185254725e-06,-4.95255738454571e-06
59.2958683344686,-6.09886733894406e-06,-4.88819016238593e-06
59.3739990871903,-5.89336318664268e-06,-4.73794499845946e-06
59.452129839912,-5.5859744770698e-06,-4.50555770743014e-06
59.5302605926338,-5.18347533988139e-06,-4.1961915734353e-06
59.6083913453555,-4.6942307840763e-06,-3.8163509205102e-06
59.6865220980772,-4.12804121740137e-06,-3.37372041442752e-06
59.7646528507989,-3.49594561128849e-06,-2.8770004918952e-06
59.844044433064,-2.79856342381503e-06,-2.32667839756155e-06
59.923436015329,-2.05909344916973e-06,-1.74100076837792e-06
60,-1.31929154517292e-06,-1.1531140713502e-06
